Campaign ID,Campaign Name,Campaign Title,Campaign Author,Campaign Score,Campaign Created UTC,Campaign URL
1766mpi,t3_1766mpi,Are there any major merchants that don‚Äôt accept Mastercard?,evil_chicken86,2,1697116237.0,https://www.reddit.com/r/Mastercard/comments/1766mpi/are_there_any_major_merchants_that_dont_accept/
16wyq6s,t3_16wyq6s,Purchase fee MasterCard gift card,Top-Performance-2219,3,1696159770.0,https://www.reddit.com/r/Mastercard/comments/16wyq6s/purchase_fee_mastercard_gift_card/
16n4isd,t3_16n4isd,mastercard declined?? please help :(,Cold_Fact_119,2,1695162922.0,https://www.reddit.com/r/Mastercard/comments/16n4isd/mastercard_declined_please_help/
16n4ibz,t3_16n4ibz,mastercard declined?? please help :(,Cold_Fact_119,2,1695162894.0,https://i.redd.it/klk1ohekhapb1.jpg
16ioecg,t3_16ioecg,Is IHG Mastercard world elite eligible for a free boingo account?,aykalam123,2,1694712417.0,https://www.reddit.com/r/Mastercard/comments/16ioecg/is_ihg_mastercard_world_elite_eligible_for_a_free/
15y3j1r,t3_15y3j1r,Mastercard Launches CBDC Partner Program,coinjupiter,2,1692705071.0,https://www.coinjupiter.com/newsitem/mastercard-launches-cbdc-partner-program
15k6hyb,t3_15k6hyb,Bought prepaid virtual mastercard and it gets declined every where i go,None,2,1691371246.0,https://www.reddit.com/r/Mastercard/comments/15k6hyb/bought_prepaid_virtual_mastercard_and_it_gets/
15c5h7l,t3_15c5h7l,Neo Mastercard,Significant-Way-2672,3,1690569548.0,https://www.reddit.com/r/Mastercard/comments/15c5h7l/neo_mastercard/
15b94u1,t3_15b94u1,I GUESS I JUST STOPPED TAKING MASTERCARD,None,3,1690481767.0,https://www.reddit.com/r/Mastercard/comments/15b94u1/i_guess_i_just_stopped_taking_mastercard/
1504595,t3_1504595,Create Personalized Premium Quality Videos and Images for Brands and Business with Generative AI,AkoolInc,2,1689402461.0,https://v.redd.it/lae59fivo2cb1
14ylb9m,t3_14ylb9m,Mastercard leverages its AI capabilities to fight real-time payment scams,imprintent,3,1689255919.0,https://imprintent.org/mastercard-leverages-its-ai-capabilities-to-fight-real-time-payment-scams/
146gkrv,t3_146gkrv,Card trouble,ThatGuyWill942,2,1686445730.0,https://www.reddit.com/r/Mastercard/comments/146gkrv/card_trouble/
143htc7,t3_143htc7,Need help,Busy-Ad-1270,1,1686155224.0,https://i.redd.it/rt3olbk6hm4b1.jpg
13yw0o2,t3_13yw0o2,Democratizing Digital Art; Alchemy Pay Integrates Mastercard for Global NFT Purchases,Pretend_Title1314,1,1685755192.0,https://thenewscrypto.com/democratizing-digital-art-alchemy-pay-integrates-mastercard-for-global-nft-purchases/
13r4sg1,t3_13r4sg1,Europe trip,Highlander60Canada,3,1684979986.0,https://www.reddit.com/r/Mastercard/comments/13r4sg1/europe_trip/
13g5nx0,t3_13g5nx0,Mastercard told a customer to charge back,RepresentativePay407,1,1683947723.0,https://www.reddit.com/r/Mastercard/comments/13g5nx0/mastercard_told_a_customer_to_charge_back/
136giu2,t3_136giu2,HOW THE FUCK DO I DISABLE 3D SECURE,Olaresai,3,1683109353.0,https://www.reddit.com/r/Mastercard/comments/136giu2/how_the_fuck_do_i_disable_3d_secure/
135hyvh,t3_135hyvh,Authentication issues,Donkey_Launcher,1,1683025760.0,https://www.reddit.com/r/Mastercard/comments/135hyvh/authentication_issues/
132f80e,t3_132f80e,Mastercard Seeks Partnership With Several Crypto Exchanges,Pretend_Title1314,1,1682730328.0,https://thenewscrypto.com/mastercard-seeks-partnership-with-several-crypto-exchanges/
12j5gde,t3_12j5gde,Vanilla System Error question,ZeroValkGhost,1,1681263418.0,https://www.reddit.com/r/Mastercard/comments/12j5gde/vanilla_system_error_question/
12ak33v,t3_12ak33v,Card getting put on a security hold because even doordash is flagged as 'suspicious'?,kflemings89,1,1680527604.0,https://www.reddit.com/r/Mastercard/comments/12ak33v/card_getting_put_on_a_security_hold_because_even/
1294c2d,t3_1294c2d,I actually Built this American Express Money Box at Work and Why did the Banks and Everyone that has those Money Boxes from Around this World?,st-tyr,0,1680395524.0,https://i.redd.it/co24yjvmqera1.jpg
127w3ab,t3_127w3ab,"Long story short got myself into $8,000 in credit card",Showmanii,1,1680290471.0,https://www.reddit.com/r/Mastercard/comments/127w3ab/long_story_short_got_myself_into_8000_in_credit/
11rzgra,t3_11rzgra,Mastercard pay with rewards program,PonyIsland11,1,1678893543.0,https://www.reddit.com/r/Mastercard/comments/11rzgra/mastercard_pay_with_rewards_program/
10jtmqw,t3_10jtmqw,Mastercard chargeback,Imaginary_Anxiety_17,1,1674523825.0,https://www.reddit.com/r/Mastercard/comments/10jtmqw/mastercard_chargeback/
10i01x8,t3_10i01x8,Gosia Natalia Serafimowicz,OilThink286,1,1674331124.0,http://0F491B1F05944FC09D0FB8CC43DFAA79
zxwqni,t3_zxwqni,Pre-paid Mastercard,Brereket-BFS,3,1672291239.0,https://www.reddit.com/r/Mastercard/comments/zxwqni/prepaid_mastercard/
zw4mh5,t3_zw4mh5,MasterCard is trash,None,1,1672109446.0,https://www.reddit.com/r/Mastercard/comments/zw4mh5/mastercard_is_trash/
zrylm5,t3_zrylm5,Buying virtual mastercard online,TOMBRAIDER034,1,1671651666.0,https://www.reddit.com/r/Mastercard/comments/zrylm5/buying_virtual_mastercard_online/
zkovwa,t3_zkovwa,Base 2 message,Kahani82,1,1670913659.0,https://www.reddit.com/r/Mastercard/comments/zkovwa/base_2_message/
z0j7le,t3_z0j7le,1984 Mastercard International Commercial,Analog-Zero,3,1668987773.0,https://youtube.com/watch?v=_zOa2mP5bYY&feature=share
z01lil,t3_z01lil,what‚Äôs the process for a financial business to be able to issue out master card debit cards ?,Substantial_Wolf4382,1,1668942953.0,https://www.reddit.com/r/Mastercard/comments/z01lil/whats_the_process_for_a_financial_business_to_be/
xpq6z5,t3_xpq6z5,Heard of UPI ?,I_like_salads,1,1664306959.0,https://www.reddit.com/r/Mastercard/comments/xpq6z5/heard_of_upi/
w6r1oh,t3_w6r1oh,"When trying to log into the cardholder portal I'm getting a strange error: ""Error while processing your request. Please retry."" my userID and password _are_ correct I believe, what could be the cause of the issue?",TheLibyanPeltist,1,1658652252.0,https://www.reddit.com/r/Mastercard/comments/w6r1oh/when_trying_to_log_into_the_cardholder_portal_im/
vqwkhp,t3_vqwkhp,2x1 en Cin√©polis pagando con Mastercard,maupalo,1,1656899949.0,https://www.mastercard.com.mx/es-mx/consumidores/conozca-nuestras-ofertas-y-promociones/cinepolis.html
vd453d,t3_vd453d,Is there a way to challenge a decision after a second presentment or does it close a chargeback case definitely?,rohowsky,1,1655325696.0,https://www.reddit.com/r/Mastercard/comments/vd453d/is_there_a_way_to_challenge_a_decision_after_a/
uomkka,t3_uomkka,Foreign Currency Fees?,Reviug05,1,1652428169.0,https://www.reddit.com/r/Mastercard/comments/uomkka/foreign_currency_fees/
udz35u,t3_udz35u,Mastercard profit jumps as pandemic-weary consumers splurge on travel,Motor-Ad-8858,1,1651163581.0,https://www.reuters.com/business/mastercard-profit-jumps-robust-cross-border-spending-2022-04-28/
u7mt6a,t3_u7mt6a,Capitalone refer an earn offer,Tippooh,1,1650424074.0,https://capital.one/3J0NLwu
th4yz1,t3_th4yz1,How to buy on russian sites?,kotikandkoshka,1,1647619989.0,https://www.reddit.com/r/Mastercard/comments/th4yz1/how_to_buy_on_russian_sites/
t80mqu,t3_t80mqu,Is Mastero / MasterCard still used to pay Russian Soldiers?,None,1,1646579201.0,https://i.redd.it/4yyhvhst3sl81.jpg
t2swuh,t3_t2swuh,Stocks to BUY this Week üí∏BULL RUN COMING? üêÇ $F $MA $V $ACI $GLEN $GOOG $...,Dmvbhs,1,1645982298.0,https://youtube.com/watch?v=Y-fWaoi_ybc&feature=share
slk5mf,t3_slk5mf,Best card to help establish credit üá®üá¶,WILL-MAKING-MONEY,1,1644104368.0,https://refer.neofinancial.com/neo-card?nf_cv=L8R7U3C6
shzhxs,t3_shzhxs,Stocks to BUY NOWüî• WTF HAPPENED!üí∏ $TSLA $KOD $AAPL $MA $V $SPY $SN $PEP,Dmvbhs,1,1643734198.0,https://youtube.com/watch?v=IfMzapdT4C8&feature=share
rqksed,t3_rqksed,What's wrong with my Spotify ?,Countrystar85,2,1640712150.0,https://www.reddit.com/r/Mastercard/comments/rqksed/whats_wrong_with_my_spotify/
rfbic7,t3_rfbic7,ÿ®ÿ∑ÿßŸÇÿ© ŸÖÿßÿ≥ÿ™ÿ±ŸÉÿßÿ±ÿØ ŸÖÿ¨ÿßŸÜÿß ÿµÿßŸÑÿ≠ÿ© ŸÑŸÑÿ¥ÿ≠ŸÜ,Rofaaee12,1,1639386050.0,https://youtu.be/zbRraNg_8Rg
r3w37m,t3_r3w37m,Mastercard,Affectionate_Way_437,1,1638074781.0,https://www.reddit.com/r/Mastercard/comments/r3w37m/mastercard/
qe5qsa,t3_qe5qsa,who are the mods here...?,randomish_walk,1,1634998789.0,https://www.reddit.com/r/Mastercard/comments/qe5qsa/who_are_the_mods_here/
qanbcv,t3_qanbcv,Bad customer service,None,1,1634565787.0,https://www.reddit.com/r/Mastercard/comments/qanbcv/bad_customer_service/
q6r85n,t3_q6r85n,LBO?,tanz65,1,1634059586.0,https://www.reddit.com/r/Mastercard/comments/q6r85n/lbo/
q41qah,t3_q41qah,Mastercard Is Removing the Magnetic Stripe From Credit and Debit Cards,tyw7,2,1633711912.0,https://www.pcmag.com/news/mastercard-is-removing-the-magnetic-stripe-from-credit-and-debit-cards
phr3l6,t3_phr3l6,Master Cards Chief Ajay Banga and Indian Railawy Minister Piyush Goyal in conversation at WEF.,liveyourlife2019,1,1630760326.0,https://www.reddit.com/r/Economics/comments/phr1hn/master_cards_chief_ajay_banga_and_indian_railawy/?utm_medium=android_app&utm_source=share
p5xrzb,t3_p5xrzb,Swiping left on magnetic stripes,antdude,1,1629179223.0,http://www.mastercard.com/news/perspectives/2021/magnetic-stripe/
oz38df,t3_oz38df,Prepaid mastercard /mcgifts from walmart,svenm123317,1,1628241978.0,https://www.reddit.com/r/Mastercard/comments/oz38df/prepaid_mastercard_mcgifts_from_walmart/
otwhgy,t3_otwhgy,Mastercard Announces a Program Supporting Blockchain and Crypto Startups,crypto_pub,1,1627561595.0,https://coinquora.com/mastercard-announces-a-program-supporting-blockchain-and-crypto-startups/
okckso,t3_okckso,Asking for report dates?,FantasticBrassNinj,1,1626293543.0,https://www.reddit.com/r/Mastercard/comments/okckso/asking_for_report_dates/
octndv,t3_octndv,Free trial,Sensitive-Ninja1464,1,1625298977.0,https://www.reddit.com/r/Mastercard/comments/octndv/free_trial/
nvyp4a,t3_nvyp4a,mastercard prepaid for malaysian,RegularBunch5454,1,1623252796.0,https://www.reddit.com/r/Mastercard/comments/nvyp4a/mastercard_prepaid_for_malaysian/
nnpsy6,t3_nnpsy6,Paygoo mastercard gift cards not working in steam?,None,1,1622302153.0,https://www.reddit.com/r/Mastercard/comments/nnpsy6/paygoo_mastercard_gift_cards_not_working_in_steam/
n1euhc,t3_n1euhc,Mastercard Investing in Smart Contract Tech to Build on State-Backed Digital Currencies,TobiHovey,1,1619732085.0,https://decrypt.co/69507/mastercard-smart-contract-applications-digital-currency?utm_source=reddit&utm_medium=social&utm_campaign=sm
m3qf5u,t3_m3qf5u,xkcd 2436: Circles,antdude,1,1615581066.0,https://xkcd.com/2436/
l2vzpb,t3_l2vzpb,Coupon website closed my account when I asked them for refund - can I charge back for the coupons I was refused access to in my closed account?,afrovera,1,1611346473.0,https://www.reddit.com/r/Mastercard/comments/l2vzpb/coupon_website_closed_my_account_when_i_asked/
kogb7m,t3_kogb7m,Wondering when my refund is going to go through on epic games store.,TZT21,1,1609526129.0,https://www.reddit.com/r/Mastercard/comments/kogb7m/wondering_when_my_refund_is_going_to_go_through/
jvab7k,t3_jvab7k,DOJ Clears Mastercard's Finicity Buy,The-Techie,1,1605545953.0,https://www.thetechee.com/2020/11/doj-clears-mastercards-finicity-buy.html
jrwchx,t3_jrwchx,.,EugeneKainlyy,2,1605051052.0,https://i.redd.it/ivmv9sjbzhy51.jpg
jkhc73,t3_jkhc73,"Mastercard Partners with Blockchain Firm GrainChain, Here's Why",RambleFeed,1,1604001257.0,https://allyourfeeds.com/blockchain/news/mastercard-partners-with-blockchain-firm-grainchain-heres-why?order=recent
iqojin,t3_iqojin,Mastercard Launches A New Testing Platform for Central Banks to Launch CBDCs,chriszouzou,3,1599823096.0,https://www.worldcoinindex.com/news/mastercard-launches-a-new-testing-platform-for-central-banks-to-launch-cbdcs
ihm38z,t3_ihm38z,Is it legal in the UK to ask CVV code over phone?,None,1,1598538799.0,https://www.reddit.com/r/Mastercard/comments/ihm38z/is_it_legal_in_the_uk_to_ask_cvv_code_over_phone/
i0489j,t3_i0489j,Mastercard‚Äôs Head Of Innovation: How The Microsoft Partnership Will Boost Digital Commerce Globally,RambleFeed,2,1596042195.0,https://allyourfeeds.com/blockchain/news/mastercards-head-of-innovation-how-the-microsoft-partnership-will-boost-digital-commerce-globally
hehln6,t3_hehln6,Mastercard Scoops Up Finicity,The-Techie,4,1592929120.0,https://www.thetechie.de/2020/06/mastercard-scoops-up-finicity.html
ha4gry,t3_ha4gry,Will Mastercard changes its name?,nodegin,1,1592315745.0,https://www.reddit.com/r/Mastercard/comments/ha4gry/will_mastercard_changes_its_name/
gfnd2y,t3_gfnd2y,I wasn't able to make purchases with my egift MasterCard since yesterday.,GS4_4_LIFE,1,1588917003.0,https://www.reddit.com/r/Mastercard/comments/gfnd2y/i_wasnt_able_to_make_purchases_with_my_egift/
f9krbp,t3_f9krbp,MasterCard Stock (MA) Drops 4% as Company Predict Its 2020 Revenue,TCR_Roberts,1,1582678670.0,https://thecoinrise.com/mastercard-stock-ma-drops-4-as-company-predict-its-2020-revenue/
dcrce3,t3_dcrce3,Customer Service COSTS???,FawkHew,3,1570111446.0,https://www.reddit.com/r/Mastercard/comments/dcrce3/customer_service_costs/
9hvlop,t3_9hvlop,Mastercard sucks,SomeGuyAtApple,2,1537576725.0,https://www.reddit.com/r/Mastercard/comments/9hvlop/mastercard_sucks/
84injw,t3_84injw,New commercial please...,tharealhomie,2,1521076020.0,https://www.reddit.com/r/Mastercard/comments/84injw/new_commercial_please/
